within_categories,between_categories
0.835063439290226,0.853925296553449
0.857764071514089,0.880812367388034
0.809957177650963,0.838446622152358
