within_categories,between_categories
0.846140289696935,0.865573769583046
0.887334492902865,0.914859586890949
0.870479021617179,0.895342758407875
