within_categories,between_categories
0.74970531076966,0.767552210762768
0.854606697295091,0.880355692887874
0.77648529735694,0.798713153216521
