within_categories,between_categories
0.868193731732286,0.889862805566367
0.896364148720267,0.922881077475346
0.906796775214725,0.93761178966856
