within_categories,between_categories
0.556835352915111,0.571509093122215
0.78915110607954,0.811347904881726
0.58849784883646,0.605453942833814
