within_categories,between_categories
0.869992622708132,0.891629481813447
0.887338752640501,0.912056863299461
0.899419759612502,0.924400946924301
